フォルダ,ファイルID,色,アイテム
11SS,0314923,gray,pants
11SS,0322072,gray,pants
11SS,0322080,beige,pants
11SS,0322081,blue,pants
11SS,0322108,white,pants
11SS,0322130,darkbrown,pants
11SS,0322183,pink,pants
11SS,0322206,gray,pants
11SS,0322289,brown,pants
11SS,0322369,navy,pants
11SS,0322419,brown,pants
11SS,0411053,red,knit
11SS,0411054,black,onepiece
11SS,0411055,gray,onepiece
11SS,0411056,gray,tshirt
11SS,0411057,pink,onepiece
11SS,0411058,violet,skirt
11SS,0411088,black,onepiece
11SS,0411109,black,onepiece
11SS,0411110,violet,onepiece
11SS,0411111,black,onepiece
11SS,0411112,white,tshirt
11SS,0411181,black,tshirt
11SS,0411182,pink,tshirt
11SS,0411183,gray,onepiece
11SS,0411184,black,onepiece
11SS,0411185,black,onepiece
11SS,0411224,pink,onepiece
11SS,0411226,black,blouse
11SS,0411227,gray,onepiece
11SS,0411279,pink,blouse
11SS,0411280,black,shirt
11SS,0411281,gray,shirt
11SS,0411331,black,onepiece
11SS,0411332,beige,blouse
11SS,0411333,white,blouse
11SS,0412012,gray,shirt
11SS,0412013,black,blouse
11SS,0412014,darkbrown,blouse
11SS,0412060,black,onepiece
11SS,0414509,black,onepiece
11SS,0414510,pink,onepiece
11SS,0414511,orange,blouse
11SS,0414512,violet,onepiece
11SS,0414521,violet,onepiece
11SS,0414522,gray,onepiece
11SS,0419647,violet,cardigan
11SS,0419848,pink,shirt
11SS,0419849,violet,knit
11SS,0419850,violet,onepiece
11SS,0419851,black,blouse
11SS,0419852,black,onepiece
11SS,0419853,pink,shirt
11SS,0419961,black,blouse
11SS,0419962,black,onepiece
11SS,0419963,black,onepiece
11SS,0419964,white,cardigan
11SS,0567105,darkbrown,coat
11SS,0567121,black,onepiece
11SS,0567172,black,onepiece
11SS,0567174,gray,onepiece
11SS,0567181,gray,onepiece
11SS,0567309,pink,onepiece
11SS,0567341,red,coat
11SS,0573776,beige,blouse
11SS,0573782,black,onepiece
11SS,0573783,beige,coat
11SS,0573794,navy,onepiece
11SS,0573795,white,blouse
11SS,0573796,gray,onepiece
11SS,0573800,navy,onepiece
11SS,0573816,pink,onepiece
11SS,0573866,gray,jacket
11SS,0573867,violet,onepiece
11SS,0573868,gray,onepiece
11SS,0573869,white,onepiece
11SS,0573891,pink,coat
13AW,0012820,pink,bag
13AW,0018276,pink,bag
13AW,0050700,beige,bag
13AW,0115044,brown,scarf
13AW,0115058,leafgreen,onepiece
13AW,0115080,red,shirt
15SS,0001013,black,bag
15SS,0001014,pink,bag
15SS,0001015,leopard,bag
15SS,0001018,pink,wallet
15SS,0001019,red,bag
15SS,0001020,black,bag
15SS,0001022,beige,bag
15SS,0001023,khaki,bag
15SS,0001024,black,bag
15SS,0012999,pink,bag
15SS,0018382,pink,wallet
15SS,0019130,gray,bag
15SS,0019248,pink,bag
15SS,0019280,khaki,bag
15SS,0025941,brown,bag
15SS,0115167,gray,shirt
15SS,0115184,pink,parker
15SS,0115189,brown,shirt
15SS,0115190,pink,shirt
15SS,0115224,beige,onepiece
15SS,0115225,pink,onepiece
15SS,0115242,beige,scarf
15SS,0140120,navy,tshirt
15SS,0140200,pink,onepiece
15SS,0140280,gray,shirt
15SS,0140300,pink,shirt
15SS,0140330,gray,shirt
15SS,0140340,beige,jacket
15SS,0140360,gray,tshirt
15SS,0322715,blue,skirt
15SS,0322742,navy,skirt
15SS,0322746,beige,pants
15SS,0322776,blue,pants
15SS,0322796,blue,skirt
15SS,0322847,beige,pants
15SS,0322885,white,pants
15SS,0322911,navy,jacket
15SS,0322913,beige,skirt
15SS,0322918,navy,pants
15SS,0322943,navy,skirt
15SS,0322944,blue,skirt
15SS,0322945,navy,pants
15SS,0322946,blue,onepiece
15SS,0322947,navy,skirt
15SS,0322948,navy,jacket
15SS,0322959,blue,skirt
15SS,0514828,beige,blouse
15SS,0514831,black,onepiece
15SS,0514834,beige,blouse
15SS,0514941,blue,onepiece
15SS,0514944,beige,onepiece
15SS,0514951,beige,blouse
15SS,0514963,blue,onepiece
15SS,0514964,beige,blouse
15SS,0514970,red,onepiece
15SS,0514972,black,blouse
15SS,0514973,navy,onepiece
15SS,0800060,Remoniro,shoes
15SS,1504011,pink,blouse
15SS,1504012,pink,tshirt
15SS,1504021,white,onepiece
15SS,1504031,Remoniro,blouse
15SS,1504041,beige,onepiece
15SS,1504071,black,skirt
15SS,1623642,beige,hat
15SS,1672553,pink,hat
15SS,1673542,pink,hat
15SS,1677332,white,hat
15SS,1677342,beige,hat
15SS,1683252,beige,hat
15SS,2015021,pink,bag
15SS,2015022,pink,bag
15SS,2015023,pink,bag
15SS,2015024,pink,bag
15SS,2683063,brown,hat
15SS,2762223,brown,hat
15SS,8000033,beige,shoes
15SS,8000036,pink,shoes
15SS,8000040,navy,shoes
15SS,8000047,gray,shoes
15SS,8000048,blue,pants
15SS,8000055,blue,shoes
15SS,8000056,brown,shoes
15SS,8000058,red,shoes
15SS,8000059,beige,shoes
15SS,8000060,Remoniro,shoes
12AW,0120101,pink,coat
12AW,0120102,black,onepiece
12AW,0120103,pink,blouse
12AW,0120104,black,onepiece
16SS,0032151,black,bag
16SS,0115110,pink,scarf
16SS,0115115,pink,onepiece
16SS,0115131,black,tshirt
16SS,0115136,pink,onepiece
16SS,0115140,white,shirt
16SS,0115144,black,onepiece
16SS,0115148,pink,blouse
16SS,0115149,pink,tshirt
16SS,0115152,pink,onepiece
16SS,0115157,beige,onepiece
16SS,0115158,Remoniro,onepiece
16SS,0115159,white,tshirt
16SS,0115162,gray,blouse
16SS,0115170,black,blouse
16SS,0115192,black,tshirt
16SS,0115201,black,blouse
16SS,0115213,black,onepiece
16SS,0115215,gray,shirt
16SS,0115217,black,onepiece
16SS,0115220,black,onepiece
16SS,0115222,gray,tshirt
16SS,0115226,black,tshirt
16SS,0115229,black,tshirt
16SS,0115232,pink,onepiece
16SS,0115233,black,onepiece
16SS,0115235,gray,pants
16SS,0115236,black,pants
16SS,0115240,black,onepiece
16SS,0115245,gray,knit
16SS,0115246,black,tshirt
16SS,0115247,white,knit
16SS,0115249,gray,onepiece
16SS,0115250,white,pants
16SS,0115252,black,parker
16SS,0115253,white,knit
16SS,0115257,black,blouse
16SS,0115259,white,knit
16SS,0115260,black,shirt
16SS,0115263,black,skirt
16SS,0115264,black,tshirt
16SS,0115266,gray,knit
16SS,0115267,gray,parker
16SS,0115271,black,tshirt
16SS,0115272,pink,blouse
16SS,0115273,black,onepiece
16SS,0115274,black,onepiece
16SS,0115275,black,blouse
16SS,0115278,white,onepiece
16SS,0115280,gray,tshirt
16SS,0115281,black,onepiece
16SS,0115282,leopard,tshirt
16SS,0115286,gray,pants
16SS,0115290,blue,shirt
16SS,0115291,blue,shirt
16SS,0115294,pink,blouse
16SS,0115295,white,tshirt
16SS,0115296,pink,scarf
16SS,0115300,black,scarf
16SS,0115304,gray,skirt
16SS,0115305,black,onepiece
12SS,0001003,white,bag
12SS,0001004,violet,bag
12SS,0001005,pink,bag
12SS,0001008,black,bag
12SS,0013301,darkbrown,bag
12SS,0013302,darkbrown,bag
12SS,0013303,white,bag
12SS,0050391,winered,bag
12SS,0050509,brown,bag
12SS,0050510,black,bag
12SS,0050511,gray,bag
12SS,0050512,gray,bag
12SS,0050701,red,bag
12SS,0322002,lightpurple,pants
12SS,0322072,gray,pants
12SS,0322080,beige,pants
12SS,0322081,navy,skirt
12SS,0322108,navy,pants
12SS,0322130,darkbrown,pants
12SS,0322183,pink,pants
12SS,0322289,khaki,pants
12SS,0322348,navy,pants
12SS,0322359,black,pants
12SS,0322364,gray,pants
12SS,0322369,navy,skirt
12SS,0322408,navy,pants
12SS,0322409,black,skirt
12SS,0322418,black,skirt
12SS,0322419,gray,pants
12SS,0322476,pink,pants
12SS,0322478,gray,onepiece
12SS,0322487,gray,pants
12SS,0322497,pink,skirt
12SS,0322498,black,parker
12SS,0322499,navy,pants
12SS,0322517,gray,skirt
12SS,0322518,beige,skirt
12SS,0411180,khaki,jacket
12SS,0411225,pink,blouse
12SS,0411277,white,blouse
12SS,0411278,white,onepiece
12SS,0412010,blue,onepiece
12SS,0412011,gray,blouse
12SS,0412016,white,onepiece
12SS,0412018,white,blouse
12SS,0412057,pink,onepiece
12SS,0412058,brown,blouse
12SS,0412090,winered,blouse
12SS,0412091,pink,blouse
12SS,0412092,beige,onepiece
12SS,0412093,khaki,onepiece
12SS,0412094,white,blouse
12SS,0412095,orange,scarf
12SS,0412117,white,blouse
12SS,0412118,black,onepiece
12SS,0412119,white,scarf
12SS,0412120,black,onepiece
12SS,0412191,gray,onepiece
12SS,0412193,winered,blouse
12SS,0412210,gray,cardigan
12SS,0412211,brown,onepiece
12SS,0412214,pink,blouse
12SS,0412256,pink,shirt
12SS,0412257,gray,blouse
12SS,0412258,beige,onepiece
12SS,0412260,red,blouse
12SS,0412261,beige,onepiece
12SS,0412262,brown,onepiece
12SS,0412263,orange,onepiece
12SS,0412264,pink,onepiece
12SS,0412265,violet,onepiece
12SS,0412266,pink,blouse
12SS,0412267,pink,onepiece
12SS,0412268,white,blouse
12SS,0412269,brown,onepiece
12SS,0412270,purple,shirt
12SS,0412271,pink,onepiece
12SS,0412292,beige,blouse
12SS,0412293,khaki,onepiece
12SS,0412295,black,skirt
12SS,0412296,navy,onepiece
12SS,0412297,white,blouse
12SS,0412300,beige,scarf
12SS,0412315,pink,shirt
12SS,0412316,white,scarf
12SS,0412337,brown,scarf
12SS,0419847,pink,parker
12SS,0462440,brown,cardigan
12SS,0462441,blue,blouse
12SS,0462442,black,skirt
12SS,0462443,red,cardigan
12SS,0462444,red,shirt
12SS,0462445,white,onepiece
12SS,0462446,black,parker
12SS,0462447,brown,onepiece
12SS,0466910,black,skirt
12SS,0466911,beige,onepiece
12SS,0466912,black,blouse
12SS,0466913,gray,blouse
12SS,0466914,brown,onepiece
12SS,0466915,pink,onepiece
12SS,0514826,white,blouse
12SS,0567307,white,coat
12SS,0567308,blue,blouse
12SS,0567321,black,blouse
12SS,0567322,pink,blouse
12SS,0567342,pink,onepiece
12SS,0567343,brown,onepiece
12SS,0567345,pink,onepiece
12SS,0567346,white,blouse
12SS,0567414,brown,blouse
12SS,0567450,white,blouse
12SS,0567451,black,jacket
12SS,0567462,black,onepiece
12SS,0567463,winered,blouse
16FW,0140170,pink,onepiece
13SS,0001010,pink,bag
13SS,0001012,gray,bag
13SS,0012820,pink,bag
13SS,0012821,red,bag
13SS,0025330,khaki,bag
13SS,0025534,camel,bag
13SS,0025611,gray,bag
13SS,0025624,gray,bag
13SS,0115016,pink,blouse
13SS,0115021,pink,blouse
13SS,0115023,pink,tshirt
13SS,0115024,Remoniro,blouse
13SS,0115027,beige,blouse
13SS,0115036,pink,blouse
13SS,0115040,gray,onepiece
13SS,0115042,pink,blouse
13SS,0115049,pink,blouse
13SS,0115050,pink,blouse
13SS,0115056,gray,onepiece
13SS,0115057,navy,onepiece
13SS,0115058,leafgreen,onepiece
13SS,0115059,camel,onepiece
13SS,0115060,camel,onepiece
13SS,0115061,beige,blouse
13SS,0115076,camel,onepiece
13SS,0115077,pink,blouse
13SS,0322516,beige,pants
13SS,0322519,blue,pants
13SS,0322569,blue,pants
13SS,0322570,black,pants
13SS,0322574,beige,skirt
13SS,0322598,pink,pants
13SS,0322599,navy,pants
13SS,0322615,khaki,pants
13SS,0322616,beige,onepiece
13SS,0322617,blue,skirt
13SS,0322621,blue,pants
13SS,0322622,beige,skirt
13SS,0322629,beige,skirt
13SS,0322630,pink,pants
13SS,0322631,navy,skirt
13SS,0322635,khaki,skirt
13SS,0322684,pink,pants
13SS,0412056,black,onepiece
13SS,0412116,beige,onepiece
13SS,0412291,pink,onepiece
13SS,0412311,black,onepiece
13SS,0412313,white,blouse
13SS,0412314,beige,onepiece
13SS,0412324,khaki,blouse
13SS,0412331,khaki,tshirt
13SS,0412414,white,blouse
13SS,0412416,white,shirt
13SS,0462479,gray,cardigan
13SS,0462646,pink,blouse
13SS,0514856,white,cardigan